2016-08-01T10:28:55,-9.62905263158
2016-08-01T10:29:05,-9.86350515464
2016-08-01T10:29:15,-10.2303157895
2016-08-01T10:29:25,-10.395106383
2016-08-01T10:29:36,-10.7461702128
2016-08-01T10:29:46,-10.9457446809
2016-08-01T10:29:56,-11.1125531915
2016-08-01T10:30:06,-11.4163829787
2016-08-01T10:30:16,-11.5117021277
2016-08-01T10:30:26,-11.5891489362
2016-08-01T10:30:36,-11.7738297872
2016-08-01T10:30:46,-11.9585106383
2016-08-01T10:30:56,-12.0061702128
2016-08-01T10:31:06,-12.0776595745
2016-08-01T10:31:16,-12.2009473684
2016-08-01T10:31:26,-12.3188421053
2016-08-01T10:31:36,-12.4838947368
2016-08-01T10:31:46,-12.5428421053
2016-08-01T10:31:56,-12.5605263158
2016-08-01T10:32:06,-12.6135789474
2016-08-01T10:32:16,-12.6312631579
2016-08-01T10:32:26,-12.6902105263
2016-08-01T10:32:36,-12.7727368421
2016-08-01T10:32:46,-12.8493684211
2016-08-01T10:32:56,-12.8729473684
2016-08-01T10:33:06,-12.8729473684
2016-08-01T10:33:16,-13.0203157895
2016-08-01T10:33:26,-13.1087368421
2016-08-01T10:33:36,-13.15
2016-08-01T10:33:47,-13.1323157895
2016-08-01T10:33:57,-13.1558947368
2016-08-01T10:34:07,-13.1912631579
2016-08-01T10:34:17,-13.1971578947
2016-08-01T10:34:27,-13.2266315789
2016-08-01T10:34:37,-13.2914736842
2016-08-01T10:34:47,-13.3091578947
2016-08-01T10:34:57,-13.4034736842
2016-08-01T10:35:07,-13.4801052632
2016-08-01T10:35:17,-13.4683157895
2016-08-01T10:35:27,-13.6213684211
2016-08-01T10:35:37,-13.6274736842
2016-08-01T10:35:47,-13.6745263158
2016-08-01T10:35:57,-13.6509473684
2016-08-01T10:36:07,-13.6628421053
2016-08-01T10:36:17,-13.6391578947
2016-08-01T10:36:27,-13.6510526316
2016-08-01T10:36:37,-13.6982105263
2016-08-01T10:36:47,-13.7272631579
2016-08-01T10:36:57,-13.7038947368
2016-08-01T10:37:07,-13.7211578947
2016-08-01T10:37:17,-13.7036842105
2016-08-01T10:37:27,-13.7094736842
2016-08-01T10:37:37,-13.7210526316
2016-08-01T10:37:47,-13.7272631579
2016-08-01T10:37:57,-13.7561052632
2016-08-01T10:38:08,-13.7736842105
2016-08-01T10:38:18,-13.7910526316
2016-08-01T10:38:28,-13.7968421053
2016-08-01T10:38:38,-13.8025263158
2016-08-01T10:38:48,-13.8316842105
2016-08-01T10:38:58,-13.9185263158
2016-08-01T10:39:08,-13.9243157895
2016-08-01T10:39:18,-13.9414736842
2016-08-01T10:39:28,-13.9994736842
2016-08-01T10:39:38,-13.9937894737
2016-08-01T10:39:48,-14.0458947368
2016-08-01T10:39:58,-14.0051578947
2016-08-01T10:40:08,-14.0109473684
2016-08-01T10:40:18,-13.9937894737
2016-08-01T10:40:28,-14.0515789474
2016-08-01T10:40:38,-14.0401052632
2016-08-01T10:40:48,-14.0918947368
2016-08-01T10:40:58,-14.0921052632
2016-08-01T10:41:08,-14.1327368421
2016-08-01T10:41:18,-14.1498947368
2016-08-01T10:41:28,-14.1329473684
2016-08-01T10:41:38,-14.1327368421
2016-08-01T10:41:48,-14.0747368421
2016-08-01T10:41:58,-14.1212631579
2016-08-01T10:42:08,-14.1152631579
2016-08-01T10:42:18,-14.1501052632
2016-08-01T10:42:28,-14.1796842105
2016-08-01T10:42:39,-14.1616842105
2016-08-01T10:42:49,-14.1672631579
2016-08-01T10:42:59,-14.1326315789
2016-08-01T10:43:09,-14.1849473684
2016-08-01T10:43:19,-14.1731578947
2016-08-01T10:43:29,-14.1554736842
2016-08-01T10:43:39,-14.1441052632
2016-08-01T10:43:49,-14.1968421053
2016-08-01T10:43:59,-14.1443157895
2016-08-01T10:44:09,-14.1906315789
2016-08-01T10:44:19,-14.1674736842
2016-08-01T10:44:29,-14.1965263158
2016-08-01T10:44:39,-14.2255789474
2016-08-01T10:44:49,-14.1791578947
2016-08-01T10:44:59,-14.2083157895
2016-08-01T10:45:09,-14.1675789474
2016-08-01T10:45:19,-14.1556842105
2016-08-01T10:45:29,-14.1615789474
2016-08-01T10:45:39,-13.9529473684
2016-08-01T10:45:49,-13.8314736842
2016-08-01T10:45:59,-13.878
2016-08-01T10:46:09,-13.9067368421
2016-08-01T10:46:19,-14.0283157895
2016-08-01T10:46:29,-14.0748421053
2016-08-01T10:46:39,-14.0748421053
2016-08-01T10:46:49,-14.1094736842
2016-08-01T10:47:00,-14.1498947368
2016-08-01T10:47:10,-14.1382105263
2016-08-01T10:47:20,-14.1443157895
2016-08-01T10:47:30,-14.2024210526
2016-08-01T10:47:40,-14.1849473684
2016-08-01T10:47:50,-14.1733684211
2016-08-01T10:48:00,-14.2197894737
2016-08-01T10:48:10,-14.1732631579
2016-08-01T10:48:20,-14.2078947368
2016-08-01T10:48:30,-14.2254736842
2016-08-01T10:48:40,-14.2604210526
2016-08-01T10:48:50,-14.2606315789
2016-08-01T10:49:00,-14.2663157895
2016-08-01T10:49:10,-14.2721052632
2016-08-01T10:49:20,-14.2313684211
2016-08-01T10:49:30,-14.2429473684
2016-08-01T10:49:40,-14.2546315789
2016-08-01T10:49:50,-14.2197894737
2016-08-01T10:50:00,-14.2255789474
2016-08-01T10:50:10,-14.2544210526
2016-08-01T10:50:20,-14.272
2016-08-01T10:50:30,-14.2837894737
2016-08-01T10:50:40,-14.2663157895
2016-08-01T10:50:50,-14.2662105263
2016-08-01T10:51:00,-14.2605263158
2016-08-01T10:51:10,-14.2428421053
2016-08-01T10:51:21,-14.2781052632
2016-08-01T10:51:31,-14.2428421053
2016-08-01T10:51:41,-14.1849473684
2016-08-01T10:51:51,-14.0630526316
2016-08-01T10:52:01,-14.0575789474
2016-08-01T10:52:11,-14.0344210526
2016-08-01T10:52:21,-14.0922105263
2016-08-01T10:52:31,-14.0746315789
2016-08-01T10:52:41,-14.1269473684
2016-08-01T10:52:51,-14.1269473684
2016-08-01T10:53:01,-14.1384210526
2016-08-01T10:53:11,-14.1616842105
2016-08-01T10:53:21,-14.156
2016-08-01T10:53:31,-14.1907368421
2016-08-01T10:53:41,-14.1965263158
2016-08-01T10:53:51,-14.2023157895
2016-08-01T10:54:01,-14.1849473684
2016-08-01T10:54:11,-14.1731578947
2016-08-01T10:54:21,-14.1965263158
2016-08-01T10:54:31,-14.1502105263
2016-08-01T10:54:41,-14.1271578947
2016-08-01T10:54:51,-14.1268421053
2016-08-01T10:55:01,-14.1617894737
2016-08-01T10:55:11,-14.1269473684
2016-08-01T10:55:21,-14.1673684211
2016-08-01T10:55:31,-14.1502105263
2016-08-01T10:55:41,-14.2025263158
2016-08-01T10:55:52,-14.2025263158
2016-08-01T10:56:02,-14.2316842105
2016-08-01T10:56:12,-14.1904210526
2016-08-01T10:56:22,-14.2196842105
2016-08-01T10:56:32,-14.1965263158
2016-08-01T10:56:42,-14.2370526316
2016-08-01T10:56:52,-14.2431578947
2016-08-01T10:57:02,-14.1790526316
2016-08-01T10:57:12,-14.2429473684
2016-08-01T10:57:22,-14.2023157895
2016-08-01T10:57:32,-14.2196842105
2016-08-01T10:57:42,-14.1967368421
2016-08-01T10:57:52,-14.208
2016-08-01T10:58:02,-14.1674736842
2016-08-01T10:58:12,-14.226
2016-08-01T10:58:22,-14.2081052632
2016-08-01T10:58:32,-14.2257894737
2016-08-01T10:58:42,-14.2082105263
2016-08-01T10:58:52,-14.1673684211
2016-08-01T10:59:02,-14.1849473684
2016-08-01T10:59:12,-14.1384210526
2016-08-01T10:59:22,-14.0690526316
2016-08-01T10:59:32,-13.8835789474
2016-08-01T10:59:42,-13.8836842105
2016-08-01T10:59:52,-13.93
2016-08-01T11:00:02,-13.9009473684
2016-08-01T11:00:13,-13.9706315789
2016-08-01T11:00:23,-13.9704210526
2016-08-01T11:00:33,-14.0285263158
2016-08-01T11:00:43,-14.0226315789
2016-08-01T11:00:53,-14.0053684211
2016-08-01T11:01:03,-14.0401052632
2016-08-01T11:01:13,-14.0631578947
2016-08-01T11:01:23,-14.0807368421
2016-08-01T11:01:33,-14.0867368421
2016-08-01T11:01:43,-14.1211578947
2016-08-01T11:01:53,-14.0981052632
2016-08-01T11:02:03,-14.0341052632
2016-08-01T11:02:13,-14.1096842105
2016-08-01T11:02:23,-14.0976842105
2016-08-01T11:02:33,-14.1498947368
2016-08-01T11:02:43,-14.1269473684
2016-08-01T11:02:53,-14.0982105263
2016-08-01T11:03:03,-14.1502105263
2016-08-01T11:03:13,-14.1384210526
2016-08-01T11:03:23,-14.15
2016-08-01T11:03:33,-14.1269473684
2016-08-01T11:03:43,-14.1561052632
2016-08-01T11:03:53,-14.1211578947
2016-08-01T11:04:03,-14.1094736842
2016-08-01T11:04:13,-14.1965263158
2016-08-01T11:04:23,-14.15
2016-08-01T11:04:34,-14.1672631579
2016-08-01T11:04:44,-14.1615789474
2016-08-01T11:04:54,-14.1675789474
2016-08-01T11:05:04,-14.2024210526
2016-08-01T11:05:14,-14.1675789474
2016-08-01T11:05:24,-14.1907368421
2016-08-01T11:05:34,-14.1790526316
2016-08-01T11:05:44,-14.1443157895
2016-08-01T11:05:54,-14.1445263158
2016-08-01T11:06:04,-14.1733684211
2016-08-01T11:06:14,-14.1734736842
2016-08-01T11:06:24,-14.1848421053
2016-08-01T11:06:34,-14.1963157895
2016-08-01T11:06:44,-14.2315789474
2016-08-01T11:06:54,-14.1730526316
2016-08-01T11:07:04,-14.1963157895
2016-08-01T11:07:14,-14.2021052632
2016-08-01T11:07:24,-14.2255789474
2016-08-01T11:07:34,-14.2372631579
2016-08-01T11:07:44,-14.2196842105
2016-08-01T11:07:54,-14.2254736842
2016-08-01T11:08:04,-14.2082105263
2016-08-01T11:08:14,-14.2372631579
2016-08-01T11:08:24,-14.2431578947
2016-08-01T11:08:34,-14.2137894737
2016-08-01T11:08:44,-14.2195789474
2016-08-01T11:08:54,-14.2371578947
2016-08-01T11:09:05,-14.2548421053
2016-08-01T11:09:15,-14.1907368421
2016-08-01T11:09:25,-14.1213684211
2016-08-01T11:09:35,-14.226
2016-08-01T11:09:45,-14.1907368421
2016-08-01T11:09:55,-14.2023157895
2016-08-01T11:10:05,-14.208
2016-08-01T11:10:15,-14.1675789474
2016-08-01T11:10:25,-14.1617894737
2016-08-01T11:10:35,-14.0224210526
2016-08-01T11:10:45,-14.1093684211
2016-08-01T11:10:55,-14.1905263158
2016-08-01T11:11:05,-14.1616842105
2016-08-01T11:11:15,-14.2605263158
2016-08-01T11:11:25,-14.2256842105
2016-08-01T11:11:35,-14.2430526316
2016-08-01T11:11:45,-14.2255789474
2016-08-01T11:11:55,-14.2372631579
2016-08-01T11:12:05,-14.2490526316
2016-08-01T11:12:15,-14.2606315789
2016-08-01T11:12:25,-14.2313684211
2016-08-01T11:12:35,-14.2314736842
2016-08-01T11:12:45,-14.2661052632
2016-08-01T11:12:55,-14.2662105263
2016-08-01T11:13:05,-14.2136842105
2016-08-01T11:13:15,-14.2549473684
2016-08-01T11:13:26,-14.2197894737
2016-08-01T11:13:36,-14.2312631579
2016-08-01T11:13:46,-14.1964210526
2016-08-01T11:13:56,-14.1851578947
2016-08-01T11:14:06,-14.1789473684
2016-08-01T11:14:16,-14.1966315789
2016-08-01T11:14:26,-14.2254736842
2016-08-01T11:14:36,-14.2313684211
2016-08-01T11:14:46,-14.22
2016-08-01T11:14:56,-14.1906315789
2016-08-01T11:15:06,-14.2661052632
2016-08-01T11:15:16,-14.214
2016-08-01T11:15:26,-14.2022105263
2016-08-01T11:15:36,-14.2024210526
2016-08-01T11:15:46,-14.1963157895
2016-08-01T11:15:56,-14.2195789474
2016-08-01T11:16:06,-14.2198947368
2016-08-01T11:16:16,-14.2313684211
2016-08-01T11:16:26,-14.2428421053
2016-08-01T11:16:36,-14.2724210526
2016-08-01T11:16:46,-14.2257894737
2016-08-01T11:16:56,-14.2312631579
2016-08-01T11:17:06,-14.2314736842
2016-08-01T11:17:16,-14.2313684211
2016-08-01T11:17:26,-14.2082105263
2016-08-01T11:17:36,-14.2430526316
2016-08-01T11:17:47,-14.2081052632
2016-08-01T11:17:57,-14.1673684211
2016-08-01T11:18:07,-14.2428421053
2016-08-01T11:18:17,-14.1847368421
2016-08-01T11:18:27,-14.2083157895
2016-08-01T11:18:37,-14.2723157895
2016-08-01T11:18:47,-14.208
2016-08-01T11:18:57,-14.2429473684
2016-08-01T11:19:07,-14.2311578947
2016-08-01T11:19:17,-14.2371578947
2016-08-01T11:19:27,-14.3076842105
2016-08-01T11:19:37,-14.2604210526
2016-08-01T11:19:47,-14.2254736842
2016-08-01T11:19:57,-14.2371578947
2016-08-01T11:20:07,-14.2431578947
2016-08-01T11:20:17,-14.2549473684
2016-08-01T11:20:27,-14.2257894737
2016-08-01T11:20:37,-14.22
2016-08-01T11:20:47,-14.2489473684
2016-08-01T11:20:57,-14.2314736842
2016-08-01T11:21:07,-14.2314736842
2016-08-01T11:21:17,-14.214
2016-08-01T11:21:27,-14.2369473684
2016-08-01T11:21:37,-14.2137894737
2016-08-01T11:21:47,-14.2431578947
2016-08-01T11:21:57,-14.2255789474
2016-08-01T11:22:07,-14.2315789474
2016-08-01T11:22:18,-14.2194736842
2016-08-01T11:22:28,-14.2082105263
2016-08-01T11:22:38,-14.2486315789
2016-08-01T11:22:48,-14.2901052632
2016-08-01T11:22:58,-14.2487368421
2016-08-01T11:23:08,-14.2842105263
2016-08-01T11:23:18,-14.2896842105
2016-08-01T11:23:28,-14.2837894737
2016-08-01T11:23:38,-14.2197894737
2016-08-01T11:23:48,-14.2956842105
2016-08-01T11:23:58,-14.2547368421
2016-08-01T11:24:08,-14.2548421053
2016-08-01T11:24:18,-14.3015789474
2016-08-01T11:24:28,-14.2492631579
2016-08-01T11:24:38,-14.2430526316
2016-08-01T11:24:48,-14.2607368421
2016-08-01T11:24:58,-14.2547368421
2016-08-01T11:25:08,-14.2722105263
2016-08-01T11:25:18,-14.2487368421
2016-08-01T11:25:28,-14.214
2016-08-01T11:25:38,-14.2431578947
2016-08-01T11:25:48,-14.22
2016-08-01T11:25:58,-14.2198947368
2016-08-01T11:26:08,-14.2022105263
2016-08-01T11:26:18,-14.1094736842
2016-08-01T11:26:28,-14.1671578947
2016-08-01T11:26:39,-14.162
2016-08-01T11:26:49,-13.9647368421
2016-08-01T11:26:59,-13.9878947368
2016-08-01T11:27:09,-13.9877894737
2016-08-01T11:27:19,-14.0747368421
2016-08-01T11:27:29,-14.0746315789
2016-08-01T11:27:39,-14.1676842105
2016-08-01T11:27:49,-14.156
2016-08-01T11:27:59,-14.2025263158
2016-08-01T11:28:09,-14.1791578947
2016-08-01T11:28:19,-14.1387368421
2016-08-01T11:28:29,-14.1616842105
2016-08-01T11:28:39,-14.2024210526
2016-08-01T11:28:49,-14.1153684211
2016-08-01T11:28:59,-14.1674736842
2016-08-01T11:29:09,-14.1385263158
2016-08-01T11:29:19,-14.1557894737
2016-08-01T11:29:29,-14.1096842105
2016-08-01T11:29:39,-14.1853684211
2016-08-01T11:29:49,-14.1556842105
2016-08-01T11:29:59,-14.2024210526
2016-08-01T11:30:09,-14.1909473684
2016-08-01T11:30:19,-14.1558947368
2016-08-01T11:30:29,-14.2025263158
2016-08-01T11:30:39,-14.2024210526
2016-08-01T11:30:49,-14.2083157895
2016-08-01T11:31:00,-14.2081052632
2016-08-01T11:31:10,-14.1790526316
2016-08-01T11:31:20,-14.1907368421
2016-08-01T11:31:30,-14.2022105263
2016-08-01T11:31:40,-14.2142105263
2016-08-01T11:31:50,-14.15
2016-08-01T11:32:00,-14.2372631579
2016-08-01T11:32:10,-14.2081052632
2016-08-01T11:32:20,-14.1618947368
2016-08-01T11:32:30,-14.1618947368
2016-08-01T11:32:40,-14.1615789474
2016-08-01T11:32:50,-14.1618947368
2016-08-01T11:33:00,-14.1793684211
2016-08-01T11:33:10,-14.1736842105
2016-08-01T11:33:20,-14.1850526316
2016-08-01T11:33:30,-14.2606315789
2016-08-01T11:33:40,-14.2081052632
2016-08-01T11:33:50,-14.1849473684
2016-08-01T11:34:00,-14.208
2016-08-01T11:34:10,-14.2487368421
2016-08-01T11:34:20,-14.2311578947
2016-08-01T11:34:30,-14.2197894737
2016-08-01T11:34:40,-14.2666315789
2016-08-01T11:34:50,-14.2486315789
2016-08-01T11:35:00,-14.2604210526
2016-08-01T11:35:10,-14.2841052632
2016-08-01T11:35:21,-14.2372631579
2016-08-01T11:35:31,-14.2836842105
2016-08-01T11:35:41,-14.2778947368
2016-08-01T11:35:51,-14.2372631579
2016-08-01T11:36:01,-14.2078947368
2016-08-01T11:36:11,-14.2722105263
2016-08-01T11:36:21,-14.2838947368
2016-08-01T11:36:31,-14.2545263158
2016-08-01T11:36:41,-14.2781052632
2016-08-01T11:36:51,-14.2369473684
2016-08-01T11:37:01,-14.2488421053
2016-08-01T11:37:11,-14.2547368421
2016-08-01T11:37:21,-14.2897894737
2016-08-01T11:37:31,-14.2782105263
2016-08-01T11:37:41,-14.2957894737
2016-08-01T11:37:51,-14.2491578947
2016-08-01T11:38:01,-14.278
2016-08-01T11:38:11,-14.3014736842
2016-08-01T11:38:21,-14.2487368421
2016-08-01T11:38:31,-14.1908421053
2016-08-01T11:38:41,-14.1734736842
2016-08-01T11:38:51,-14.1502105263
2016-08-01T11:39:01,-14.2487368421
2016-08-01T11:39:11,-14.2550526316
2016-08-01T11:39:21,-14.29
2016-08-01T11:39:31,-14.2551578947
2016-08-01T11:39:41,-14.2427368421
2016-08-01T11:39:52,-14.2606315789
2016-08-01T11:40:02,-14.2486315789
2016-08-01T11:40:12,-14.2897894737
2016-08-01T11:40:22,-14.2782105263
2016-08-01T11:40:32,-14.2843157895
2016-08-01T11:40:42,-14.2917894737
2016-08-01T11:40:52,-14.2312631579
2016-08-01T11:41:02,-14.2727368421
2016-08-01T11:41:12,-14.2665263158
2016-08-01T11:41:22,-14.2604210526
2016-08-01T11:41:32,-14.2665263158
2016-08-01T11:41:42,-14.2430526316
2016-08-01T11:41:52,-14.2428421053
2016-08-01T11:42:02,-14.3076842105
2016-08-01T11:42:12,-14.3371578947
2016-08-01T11:42:22,-14.2108421053
2016-08-01T11:42:32,-14.2550526316
2016-08-01T11:42:42,-14.2605263158
2016-08-01T11:42:52,-14.2430526316
2016-08-01T11:43:02,-14.3253684211
2016-08-01T11:43:12,-14.2487368421
2016-08-01T11:43:22,-14.2843157895
2016-08-01T11:43:32,-14.2370526316
2016-08-01T11:43:42,-14.2370526316
2016-08-01T11:43:52,-14.2429473684
2016-08-01T11:44:02,-14.2429473684
2016-08-01T11:44:13,-14.2430526316
2016-08-01T11:44:23,-14.2722105263
2016-08-01T11:44:33,-14.2198947368
2016-08-01T11:44:43,-14.2551578947
2016-08-01T11:44:53,-14.2837894737
2016-08-01T11:45:03,-14.2550526316
2016-08-01T11:45:13,-14.2963157895
2016-08-01T11:45:23,-14.2429473684
2016-08-01T11:45:33,-14.2723157895
2016-08-01T11:45:43,-14.2138947368
2016-08-01T11:45:53,-14.2370526316
2016-08-01T11:46:03,-14.1381052632
2016-08-01T11:46:13,-14.0515789474
2016-08-01T11:46:23,-14.0456842105
2016-08-01T11:46:33,-14.0569473684
2016-08-01T11:46:43,-14.1502105263
2016-08-01T11:46:53,-14.1789473684
2016-08-01T11:47:03,-14.1328421053
2016-08-01T11:47:13,-14.1672631579
2016-08-01T11:47:23,-14.214
2016-08-01T11:47:33,-14.2197894737
2016-08-01T11:47:43,-14.2138947368
2016-08-01T11:47:53,-14.2257894737
2016-08-01T11:48:03,-14.2606315789
2016-08-01T11:48:13,-14.2605263158
2016-08-01T11:48:23,-14.2253684211
2016-08-01T11:48:34,-14.2602105263
2016-08-01T11:48:44,-14.2725263158
2016-08-01T11:48:54,-14.2898947368
2016-08-01T11:49:04,-14.2485263158
2016-08-01T11:49:14,-14.3075789474
2016-08-01T11:49:24,-14.3195789474
2016-08-01T11:49:34,-14.284
2016-08-01T11:49:44,-14.3137894737
2016-08-01T11:49:54,-14.2897894737
2016-08-01T11:50:04,-14.3014736842
2016-08-01T11:50:14,-14.3013684211
2016-08-01T11:50:24,-14.3488421053
2016-08-01T11:50:34,-14.2727368421
2016-08-01T11:50:44,-14.3428421053
2016-08-01T11:50:54,-14.2958947368
2016-08-01T11:51:04,-14.2433684211
2016-08-01T11:51:14,-14.2957894737
2016-08-01T11:51:24,-14.2957894737
2016-08-01T11:51:34,-14.3425263158
2016-08-01T11:51:44,-14.284
2016-08-01T11:51:54,-14.3076842105
2016-08-01T11:52:04,-14.3076842105
2016-08-01T11:52:14,-14.3135789474
2016-08-01T11:52:24,-14.3018947368
2016-08-01T11:52:34,-14.3134736842
2016-08-01T11:52:44,-14.3490526316
2016-08-01T11:52:55,-14.3135789474
2016-08-01T11:53:05,-14.3368421053
2016-08-01T11:53:15,-14.3430526316
2016-08-01T11:53:25,-14.4073684211
2016-08-01T11:53:35,-14.3898947368
2016-08-01T11:53:45,-14.3724210526
2016-08-01T11:53:55,-14.3664210526
2016-08-01T11:54:05,-14.3546315789
2016-08-01T11:54:15,-14.3897894737
2016-08-01T11:54:25,-14.3901052632
2016-08-01T11:54:35,-14.3369473684
2016-08-01T11:54:45,-14.4191578947
2016-08-01T11:54:55,-14.3956842105
2016-08-01T11:55:05,-14.3842105263
2016-08-01T11:55:15,-14.3898947368
2016-08-01T11:55:25,-14.4132631579
2016-08-01T11:55:35,-14.4015789474
2016-08-01T11:55:45,-14.3547368421
2016-08-01T11:55:55,-14.3486315789
2016-08-01T11:56:05,-14.4487368421
2016-08-01T11:56:15,-14.3606315789
2016-08-01T11:56:25,-14.372
2016-08-01T11:56:35,-14.3547368421
2016-08-01T11:56:45,-14.3958947368
2016-08-01T11:56:55,-14.3606315789
2016-08-01T11:57:05,-14.3842105263
2016-08-01T11:57:16,-14.2958947368
2016-08-01T11:57:26,-14.3661052632
2016-08-01T11:57:36,-14.3312631579
2016-08-01T11:57:46,-14.3309473684
2016-08-01T11:57:56,-14.3369473684
2016-08-01T11:58:06,-14.4074736842
2016-08-01T11:58:16,-14.4135789474
2016-08-01T11:58:26,-14.4665263158
2016-08-01T11:58:36,-14.4605263158
2016-08-01T11:58:46,-14.4785263158
2016-08-01T11:58:56,-14.4841052632
2016-08-01T11:59:06,-14.5370526316
2016-08-01T11:59:16,-14.6136842105
2016-08-01T11:59:26,-14.5725263158
2016-08-01T11:59:36,-14.5844210526
2016-08-01T11:59:46,-14.6431578947
2016-08-01T11:59:56,-14.6138947368
2016-08-01T12:00:06,-14.5784210526
2016-08-01T12:00:16,-14.5493684211
2016-08-01T12:00:26,-14.5843157895
2016-08-01T12:00:36,-14.6493684211
2016-08-01T12:00:46,-14.6785263158
2016-08-01T12:00:56,-14.5963157895
2016-08-01T12:01:06,-14.608
2016-08-01T12:01:16,-14.6196842105
2016-08-01T12:01:26,-14.6550526316
2016-08-01T12:01:36,-14.5786315789
2016-08-01T12:01:47,-14.6196842105
2016-08-01T12:01:57,-14.6726315789
2016-08-01T12:02:07,-14.6549473684
2016-08-01T12:02:17,-14.6490526316
2016-08-01T12:02:27,-14.7374736842
2016-08-01T12:02:37,-14.6550526316
2016-08-01T12:02:47,-14.6845263158
2016-08-01T12:02:57,-14.6609473684
2016-08-01T12:03:07,-14.7022105263
2016-08-01T12:03:17,-14.72
2016-08-01T12:03:27,-14.6788421053
2016-08-01T12:03:37,-14.6905263158
2016-08-01T12:03:47,-14.6083157895
2016-08-01T12:03:57,-14.6550526316
2016-08-01T12:04:07,-14.7434736842
2016-08-01T12:04:17,-14.5785263158
2016-08-01T12:04:27,-14.6846315789
2016-08-01T12:04:37,-14.6431578947
2016-08-01T12:04:47,-14.6609473684
2016-08-01T12:04:57,-14.6844210526
2016-08-01T12:05:07,-14.7198947368
2016-08-01T12:05:17,-14.6372631579
2016-08-01T12:05:27,-14.6785263158
2016-08-01T12:05:37,-14.3781052632
2016-08-01T12:05:47,-14.2312631579
2016-08-01T12:05:57,-14.1732631579
2016-08-01T12:06:08,-14.2136842105
2016-08-01T12:06:18,-14.2488421053
2016-08-01T12:06:28,-14.2898947368
2016-08-01T12:06:38,-14.3191578947
2016-08-01T12:06:48,-14.3544210526
2016-08-01T12:06:58,-14.3724210526
2016-08-01T12:07:08,-14.4309473684
2016-08-01T12:07:18,-14.5077894737
2016-08-01T12:07:28,-14.49
2016-08-01T12:07:38,-14.5252631579
2016-08-01T12:07:48,-14.4841052632
2016-08-01T12:07:58,-14.4782105263
2016-08-01T12:08:08,-14.5667368421
2016-08-01T12:08:18,-14.5547368421
2016-08-01T12:08:28,-14.5961052632
2016-08-01T12:08:38,-14.5312631579
2016-08-01T12:08:48,-14.5077894737
2016-08-01T12:08:58,-14.5902105263
2016-08-01T12:09:08,-14.5844210526
2016-08-01T12:09:18,-14.6315789474
2016-08-01T12:09:28,-14.6196842105
2016-08-01T12:09:38,-14.5727368421
2016-08-01T12:09:48,-14.5785263158
2016-08-01T12:09:58,-14.7021052632
2016-08-01T12:10:08,-14.6490526316
2016-08-01T12:10:18,-14.6490526316
2016-08-01T12:10:29,-14.6254736842
2016-08-01T12:10:39,-14.6432631579
2016-08-01T12:10:49,-14.5549473684
2016-08-01T12:10:59,-14.5843157895
2016-08-01T12:11:09,-14.6313684211
2016-08-01T12:11:19,-14.6491578947
2016-08-01T12:11:29,-14.6256842105
2016-08-01T12:11:39,-14.6315789474
2016-08-01T12:11:49,-14.5725263158
2016-08-01T12:11:59,-14.6372631579
2016-08-01T12:12:09,-14.6667368421
2016-08-01T12:12:19,-14.602
2016-08-01T12:12:29,-14.6549473684
2016-08-01T12:12:39,-14.6018947368
2016-08-01T12:12:49,-14.7021052632
2016-08-01T12:12:59,-14.6667368421
2016-08-01T12:13:09,-14.6372631579
2016-08-01T12:13:19,-14.6550526316
2016-08-01T12:13:29,-14.6962105263
2016-08-01T12:13:39,-14.6196842105
2016-08-01T12:13:49,-14.6727368421
2016-08-01T12:13:59,-14.6788421053
2016-08-01T12:14:09,-14.6137894737
2016-08-01T12:14:19,-14.6786315789
2016-08-01T12:14:29,-14.6727368421
2016-08-01T12:14:39,-14.7316842105
2016-08-01T12:14:50,-14.6962105263
2016-08-01T12:15:00,-14.6962105263
2016-08-01T12:15:10,-14.7375789474
2016-08-01T12:15:20,-14.6904210526
2016-08-01T12:15:30,-14.7257894737
2016-08-01T12:15:40,-14.6608421053
2016-08-01T12:15:50,-14.7374736842
2016-08-01T12:16:00,-14.6903157895
2016-08-01T12:16:10,-14.6726315789
2016-08-01T12:16:20,-14.7021052632
2016-08-01T12:16:30,-14.7138947368
2016-08-01T12:16:40,-14.7258947368
2016-08-01T12:16:50,-14.7846315789
2016-08-01T12:17:00,-14.7315789474
2016-08-01T12:17:10,-14.7021052632
2016-08-01T12:17:20,-14.6903157895
2016-08-01T12:17:30,-14.7198947368
2016-08-01T12:17:40,-14.7198947368
2016-08-01T12:17:50,-14.7374736842
2016-08-01T12:18:00,-14.7083157895
2016-08-01T12:18:10,-14.7021052632
2016-08-01T12:18:20,-14.6963157895
2016-08-01T12:18:30,-14.7493684211
2016-08-01T12:18:40,-14.7434736842
2016-08-01T12:18:50,-14.7669473684
2016-08-01T12:19:00,-14.6963157895
2016-08-01T12:19:11,-14.7551578947
2016-08-01T12:19:21,-14.7022105263
2016-08-01T12:19:31,-14.7375789474
2016-08-01T12:19:41,-14.7198947368
2016-08-01T12:19:51,-14.7021052632
2016-08-01T12:20:01,-14.7197894737
2016-08-01T12:20:11,-14.7612631579
2016-08-01T12:20:21,-14.7316842105
2016-08-01T12:20:31,-14.7433684211
2016-08-01T12:20:41,-14.7197894737
2016-08-01T12:20:51,-14.7022105263
2016-08-01T12:21:01,-14.7197894737
2016-08-01T12:21:11,-14.7374736842
2016-08-01T12:21:21,-14.6667368421
2016-08-01T12:21:31,-14.7197894737
2016-08-01T12:21:41,-14.7433684211
2016-08-01T12:21:51,-14.6844210526
2016-08-01T12:22:01,-14.7551578947
2016-08-01T12:22:11,-14.6904210526
2016-08-01T12:22:21,-14.7375789474
2016-08-01T12:22:31,-14.7552631579
2016-08-01T12:22:41,-14.7197894737
2016-08-01T12:22:51,-14.7551578947
2016-08-01T12:23:01,-14.7082105263
2016-08-01T12:23:11,-14.7610526316
2016-08-01T12:23:21,-14.6963157895
2016-08-01T12:23:32,-14.7256842105
2016-08-01T12:23:42,-14.7492631579
2016-08-01T12:23:52,-14.7551578947
2016-08-01T12:24:02,-14.7433684211
2016-08-01T12:24:12,-14.7669473684
2016-08-01T12:24:22,-14.7374736842
2016-08-01T12:24:32,-14.7023157895
2016-08-01T12:24:42,-14.7317894737
2016-08-01T12:24:52,-14.708
2016-08-01T12:25:02,-14.7492631579
2016-08-01T12:25:12,-14.7316842105
2016-08-01T12:25:22,-14.7256842105
2016-08-01T12:25:32,-14.6845263158
2016-08-01T12:25:42,-14.6373684211
2016-08-01T12:25:52,-14.6254736842
2016-08-01T12:26:02,-14.6021052632
2016-08-01T12:26:12,-14.6313684211
2016-08-01T12:26:22,-14.6315789474
2016-08-01T12:26:32,-14.6962105263
2016-08-01T12:26:42,-14.6667368421
2016-08-01T12:26:52,-14.6845263158
2016-08-01T12:27:02,-14.6491578947
2016-08-01T12:27:12,-14.6844210526
2016-08-01T12:27:22,-14.708
2016-08-01T12:27:32,-14.6434736842
2016-08-01T12:27:42,-14.6668421053
2016-08-01T12:27:52,-14.602
2016-08-01T12:28:03,-14.7022105263
2016-08-01T12:28:13,-14.6785263158
2016-08-01T12:28:23,-14.6962105263
2016-08-01T12:28:33,-14.6549473684
2016-08-01T12:28:43,-14.6729473684
2016-08-01T12:28:53,-14.6314736842
2016-08-01T12:29:03,-14.7374736842
2016-08-01T12:29:13,-14.7256842105
2016-08-01T12:29:23,-14.6786315789
2016-08-01T12:29:33,-14.7197894737
2016-08-01T12:29:43,-14.7315789474
2016-08-01T12:29:53,-14.6727368421
2016-08-01T12:30:03,-14.6846315789
2016-08-01T12:30:13,-14.6668421053
2016-08-01T12:30:23,-14.7138947368
2016-08-01T12:30:33,-14.6904210526
2016-08-01T12:30:43,-14.7021052632
2016-08-01T12:30:53,-14.6844210526
2016-08-01T12:31:03,-14.714
2016-08-01T12:31:13,-14.7198947368
2016-08-01T12:31:23,-14.6438947368
2016-08-01T12:31:33,-14.6964210526
2016-08-01T12:31:43,-14.6551578947
2016-08-01T12:31:53,-14.714
2016-08-01T12:32:03,-14.6962105263
2016-08-01T12:32:13,-14.6549473684
2016-08-01T12:32:24,-14.6493684211
2016-08-01T12:32:34,-14.6137894737
2016-08-01T12:32:44,-14.6668421053
2016-08-01T12:32:54,-14.6431578947
2016-08-01T12:33:04,-14.5844210526
2016-08-01T12:33:14,-14.5843157895
2016-08-01T12:33:24,-14.5195789474
2016-08-01T12:33:34,-14.5136842105
2016-08-01T12:33:44,-14.3838947368
2016-08-01T12:33:54,-14.2785263158
2016-08-01T12:34:04,-14.2430526316
2016-08-01T12:34:14,-14.2489473684
2016-08-01T12:34:24,-14.2605263158
2016-08-01T12:34:34,-14.2606315789
2016-08-01T12:34:44,-14.2663157895
2016-08-01T12:34:54,-14.2837894737
2016-08-01T12:35:04,-14.2310526316
2016-08-01T12:35:14,-14.29
2016-08-01T12:35:24,-14.2485263158
2016-08-01T12:35:34,-14.2606315789
2016-08-01T12:35:44,-14.2662105263
2016-08-01T12:35:54,-14.2604210526
2016-08-01T12:36:04,-14.2896842105
2016-08-01T12:36:14,-14.3015789474
2016-08-01T12:36:24,-14.2546315789
2016-08-01T12:36:34,-14.2777894737
2016-08-01T12:36:45,-14.2667368421
2016-08-01T12:36:55,-14.2544210526
2016-08-01T12:37:05,-14.2310526316
2016-08-01T12:37:15,-14.2547368421
2016-08-01T12:37:25,-14.2255789474
2016-08-01T12:37:35,-14.2491578947
2016-08-01T12:37:45,-14.2783157895
2016-08-01T12:37:55,-14.2428421053
2016-08-01T12:38:05,-14.2371578947
2016-08-01T12:38:15,-14.2427368421
2016-08-01T12:38:25,-14.2255789474
2016-08-01T12:38:35,-14.2193684211
2016-08-01T12:38:45,-14.2428421053
2016-08-01T12:38:55,-14.2430526316
2016-08-01T12:39:05,-14.2195789474
2016-08-01T12:39:15,-14.2317894737
2016-08-01T12:39:25,-14.1615789474
2016-08-01T12:39:35,-14.2138947368
2016-08-01T12:39:45,-14.1733684211
2016-08-01T12:39:55,-14.1792631579
2016-08-01T12:40:05,-14.1736842105
2016-08-01T12:40:15,-14.0518947368
2016-08-01T12:40:25,-13.936
2016-08-01T12:40:35,-13.8602105263
2016-08-01T12:40:45,-13.9357894737
2016-08-01T12:40:55,-13.9295789474
2016-08-01T12:41:06,-13.9644210526
2016-08-01T12:41:16,-14.0343157895
2016-08-01T12:41:26,-14.0634736842
2016-08-01T12:41:36,-14.0807368421
2016-08-01T12:41:46,-14.1154736842
2016-08-01T12:41:56,-14.0745263158
2016-08-01T12:42:06,-14.1153684211
2016-08-01T12:42:16,-14.1385263158
2016-08-01T12:42:26,-14.156
2016-08-01T12:42:36,-14.1505263158
2016-08-01T12:42:46,-14.1678947368
2016-08-01T12:42:56,-14.1216842105
2016-08-01T12:43:06,-14.1324210526
2016-08-01T12:43:16,-14.1617894737
2016-08-01T12:43:26,-14.1734736842
2016-08-01T12:43:36,-14.1558947368
2016-08-01T12:43:46,-14.1555789474
2016-08-01T12:43:56,-14.2375789474
2016-08-01T12:44:06,-14.1907368421
2016-08-01T12:44:16,-14.1792631579
2016-08-01T12:44:26,-14.1671578947
2016-08-01T12:44:36,-14.1501052632
2016-08-01T12:44:46,-14.2198947368
2016-08-01T12:44:56,-14.1732631579
2016-08-01T12:45:06,-14.2023157895
2016-08-01T12:45:16,-14.2204210526
2016-08-01T12:45:26,-14.2083157895
2016-08-01T12:45:37,-14.2197894737
2016-08-01T12:45:47,-14.2138947368
2016-08-01T12:45:57,-14.1557894737
2016-08-01T12:46:07,-14.1964210526
2016-08-01T12:46:17,-14.2142105263
2016-08-01T12:46:27,-14.1557894737
2016-08-01T12:46:37,-14.1616842105
2016-08-01T12:46:47,-14.1152631579
2016-08-01T12:46:57,-14.1211578947
2016-08-01T12:47:07,-14.0923157895
2016-08-01T12:47:17,-14.1211578947
2016-08-01T12:47:27,-14.0921052632
2016-08-01T12:47:37,-14.0457894737
2016-08-01T12:47:47,-14.1503157895
2016-08-01T12:47:57,-14.1443157895
2016-08-01T12:48:07,-14.1733684211
2016-08-01T12:48:17,-14.0690526316
2016-08-01T12:48:27,-13.9822105263
2016-08-01T12:48:37,-13.9877894737
2016-08-01T12:48:47,-13.9877894737
2016-08-01T12:48:57,-13.9764210526
2016-08-01T12:49:07,-13.9937894737
2016-08-01T12:49:17,-14.0229473684
2016-08-01T12:49:27,-13.9298947368
2016-08-01T12:49:37,-13.9647368421
2016-08-01T12:49:47,-13.9878947368
2016-08-01T12:49:58,-13.9182105263
2016-08-01T12:50:08,-13.9877894737
2016-08-01T12:50:18,-13.9305263158
2016-08-01T12:50:28,-13.9210526316
2016-08-01T12:50:38,-13.9589473684
2016-08-01T12:50:48,-14.0462105263
2016-08-01T12:50:58,-14.0689473684
2016-08-01T12:51:08,-14.0227368421
2016-08-01T12:51:18,-14.0748421053
2016-08-01T12:51:28,-14.0282105263
2016-08-01T12:51:38,-14.0864210526
2016-08-01T12:51:48,-14.1210526316
2016-08-01T12:51:58,-14.0977894737
2016-08-01T12:52:08,-14.1504210526
2016-08-01T12:52:18,-14.0628421053
2016-08-01T12:52:28,-14.0749473684
2016-08-01T12:52:38,-14.0921052632
2016-08-01T12:52:48,-14.0863157895
2016-08-01T12:52:58,-14.0866315789
2016-08-01T12:53:08,-14.0221052632
2016-08-01T12:53:18,-14.0575789474
2016-08-01T12:53:28,-14.0165263158
2016-08-01T12:53:38,-14.0634736842
2016-08-01T12:53:48,-14.046
2016-08-01T12:53:58,-14.0516842105
2016-08-01T12:54:08,-14.0515789474
2016-08-01T12:54:19,-13.9928421053
2016-08-01T12:54:29,-14.0631578947
2016-08-01T12:54:39,-14.0866315789
2016-08-01T12:54:49,-14.0808421053
2016-08-01T12:54:59,-14.0863157895
2016-08-01T12:55:09,-14.0746315789
2016-08-01T12:55:19,-14.0283157895
2016-08-01T12:55:29,-14.0688421053
2016-08-01T12:55:39,-14.1095789474
2016-08-01T12:55:49,-14.1037894737
2016-08-01T12:55:59,-14.0825263158
2016-08-01T12:56:09,-14.0633684211
2016-08-01T12:56:19,-14.1503157895
2016-08-01T12:56:29,-14.1035789474
2016-08-01T12:56:39,-14.1211578947
2016-08-01T12:56:49,-14.1034736842
2016-08-01T12:56:59,-14.1678947368
2016-08-01T12:57:09,-14.1212631579
2016-08-01T12:57:19,-14.1854736842
2016-08-01T12:57:29,-14.1390526316
2016-08-01T12:57:39,-14.0853684211
2016-08-01T12:57:49,-14.1101052632
2016-08-01T12:57:59,-14.1014736842
2016-08-01T12:58:09,-14.1270526316
2016-08-01T12:58:19,-14.22
2016-08-01T12:58:29,-14.1033684211
2016-08-01T12:58:40,-14.2204210526
2016-08-01T12:58:50,-14.1265263158
2016-08-01T12:59:00,-14.0858947368
2016-08-01T12:59:10,-14.1152631579
2016-08-01T12:59:20,-14.0862105263
2016-08-01T12:59:30,-14.1036842105
2016-08-01T12:59:40,-14.2090526316
2016-08-01T12:59:50,-14.0837894737
2016-08-01T13:00:00,-14.0227368421
2016-08-01T13:00:10,-14.1156842105
2016-08-01T13:00:20,-14.0337894737
2016-08-01T13:00:30,-14.0633684211
2016-08-01T13:00:40,-14.1036842105
2016-08-01T13:00:50,-14.1096842105
2016-08-01T13:01:00,-14.0745263158
2016-08-01T13:01:10,-14.1042105263
2016-08-01T13:01:20,-14.0514736842
2016-08-01T13:01:30,-14.0224210526
2016-08-01T13:01:40,-14.052
2016-08-01T13:01:50,-14.0462105263
2016-08-01T13:02:00,-14.0807368421
2016-08-01T13:02:10,-14.0226315789
2016-08-01T13:02:20,-14.0461052632
2016-08-01T13:02:30,-14.0227368421
2016-08-01T13:02:40,-14.0109473684
2016-08-01T13:02:50,-14.0521052632
2016-08-01T13:03:01,-13.9648421053
2016-08-01T13:03:11,-14.0928421053
2016-08-01T13:03:21,-14.0516842105
2016-08-01T13:03:31,-13.9356842105
2016-08-01T13:03:41,-13.93
2016-08-01T13:03:51,-13.9067368421
2016-08-01T13:04:01,-13.6802105263
2016-08-01T13:04:11,-13.5803157895
2016-08-01T13:04:21,-13.6214736842
2016-08-01T13:04:31,-13.6392631579
2016-08-01T13:04:41,-13.6743157895
2016-08-01T13:04:51,-13.7215789474
2016-08-01T13:05:01,-13.7445263158
2016-08-01T13:05:11,-13.7905263158
2016-08-01T13:05:21,-13.8257894737
2016-08-01T13:05:31,-13.8777894737
2016-08-01T13:05:41,-13.8430526316
2016-08-01T13:05:51,-13.8892631579
2016-08-01T13:06:01,-13.8890526316
2016-08-01T13:06:11,-13.9588421053
2016-08-01T13:06:21,-13.9473684211
2016-08-01T13:06:31,-13.9707368421
2016-08-01T13:06:41,-13.9705263158
2016-08-01T13:06:51,-13.9586315789
2016-08-01T13:07:01,-13.9355789474
2016-08-01T13:07:11,-13.9064210526
2016-08-01T13:07:21,-13.9531578947
2016-08-01T13:07:32,-13.9823157895
2016-08-01T13:07:42,-13.9641052632
2016-08-01T13:07:52,-14.0165263158
2016-08-01T13:08:02,-14.0107368421
2016-08-01T13:08:12,-14.0051578947
2016-08-01T13:08:22,-14.0516842105
2016-08-01T13:08:32,-14.0575789474
2016-08-01T13:08:42,-14.0573684211
2016-08-01T13:08:52,-14.0692631579
2016-08-01T13:09:02,-14.0341052632
2016-08-01T13:09:12,-14.0690526316
2016-08-01T13:09:22,-14.0686315789
2016-08-01T13:09:32,-14.0518947368
2016-08-01T13:09:42,-14.0983157895
2016-08-01T13:09:52,-13.988
2016-08-01T13:10:02,-14.0168421053
2016-08-01T13:10:12,-13.9472631579
2016-08-01T13:10:22,-14.0169473684
2016-08-01T13:10:32,-14.0117894737
2016-08-01T13:10:42,-13.9473684211
2016-08-01T13:10:52,-13.9651578947
2016-08-01T13:11:02,-13.8948421053
2016-08-01T13:11:12,-13.9185263158
2016-08-01T13:11:22,-13.8429473684
2016-08-01T13:11:32,-13.8547368421
2016-08-01T13:11:42,-13.8956842105
2016-08-01T13:11:53,-13.8602105263
2016-08-01T13:12:03,-13.8601052632
2016-08-01T13:12:13,-13.9010526316
2016-08-01T13:12:23,-13.7849473684
2016-08-01T13:12:33,-13.7908421053
2016-08-01T13:12:43,-13.8547368421
2016-08-01T13:12:53,-13.7845263158
2016-08-01T13:13:03,-13.8023157895
2016-08-01T13:13:13,-13.9070526316
2016-08-01T13:13:23,-13.8601052632
2016-08-01T13:13:33,-13.8546315789
2016-08-01T13:13:43,-13.8488421053
2016-08-01T13:13:53,-13.8545263158
2016-08-01T13:14:03,-13.8891578947
2016-08-01T13:14:13,-13.9303157895
2016-08-01T13:14:23,-13.7958947368
2016-08-01T13:14:33,-13.8543157895
2016-08-01T13:14:43,-13.9141052632
2016-08-01T13:14:53,-13.9595789474
2016-08-01T13:15:03,-13.9132631579
2016-08-01T13:15:13,-13.9303157895
2016-08-01T13:15:23,-13.9417894737
2016-08-01T13:15:33,-13.9593684211
2016-08-01T13:15:43,-13.8894736842
2016-08-01T13:15:53,-13.9128421053
2016-08-01T13:16:03,-13.9410526316
2016-08-01T13:16:14,-13.9297894737
2016-08-01T13:16:24,-13.9354736842
2016-08-01T13:16:34,-13.7676842105
2016-08-01T13:16:44,-13.7612631579
2016-08-01T13:16:54,-13.7789473684
2016-08-01T13:17:04,-13.7848421053
2016-08-01T13:17:14,-13.7675789474
2016-08-01T13:17:24,-13.7561052632
2016-08-01T13:17:34,-13.7972631579
2016-08-01T13:17:44,-13.7502105263
2016-08-01T13:17:54,-13.8087368421
2016-08-01T13:18:04,-13.7558947368
2016-08-01T13:18:14,-13.7443157895
2016-08-01T13:18:24,-13.7327368421
2016-08-01T13:18:34,-13.8262105263
2016-08-01T13:18:44,-13.7736842105
2016-08-01T13:18:54,-13.7675789474
2016-08-01T13:19:04,-13.8084210526
2016-08-01T13:19:14,-13.7733684211
2016-08-01T13:19:24,-13.8025263158
2016-08-01T13:19:34,-13.7849473684
2016-08-01T13:19:44,-13.7792631579
2016-08-01T13:19:54,-13.7850526316
2016-08-01T13:20:04,-13.756
2016-08-01T13:20:14,-13.8081052632
2016-08-01T13:20:24,-13.7966315789
2016-08-01T13:20:35,-13.7617894737
2016-08-01T13:20:45,-13.8029473684
2016-08-01T13:20:55,-13.814
2016-08-01T13:21:05,-14.0645263158
2016-08-01T13:21:15,-14.932
2016-08-01T13:21:25,-14.932
2016-08-01T13:21:35,-14.8966315789
2016-08-01T13:21:45,-14.9143157895
2016-08-01T13:21:55,-14.9555789474
2016-08-01T13:22:05,-14.8548421053
2016-08-01T13:22:15,-14.8731578947
2016-08-01T13:22:25,-14.8376842105
2016-08-01T13:22:35,-14.8203157895
2016-08-01T13:22:45,-14.8438947368
2016-08-01T13:22:55,-14.8437894737
2016-08-01T13:23:05,-14.9027368421
2016-08-01T13:23:15,-14.8672631579
2016-08-01T13:23:25,-14.8497894737
2016-08-01T13:23:35,-14.9202105263
2016-08-01T13:23:45,-14.8790526316
2016-08-01T13:23:55,-14.8377894737
2016-08-01T13:24:05,-14.8258947368
2016-08-01T13:24:15,-14.8202105263
2016-08-01T13:24:25,-14.8789473684
2016-08-01T13:24:35,-14.832
2016-08-01T13:24:45,-14.8141052632
2016-08-01T13:24:56,-14.82
2016-08-01T13:25:06,-14.8317894737
2016-08-01T13:25:16,-14.8258947368
2016-08-01T13:25:26,-14.8083157895
2016-08-01T13:25:36,-14.8317894737
2016-08-01T13:25:46,-14.8612631579
2016-08-01T13:25:56,-14.8202105263
2016-08-01T13:26:06,-14.8613684211
2016-08-01T13:26:16,-14.8672631579
2016-08-01T13:26:26,-14.8318947368
2016-08-01T13:26:36,-14.8554736842
2016-08-01T13:26:46,-14.826
2016-08-01T13:26:56,-14.5669473684
2016-08-01T13:27:06,-14.4958947368
2016-08-01T13:27:16,-13.5242105263
2016-08-01T13:27:26,-11.8214893617
2016-08-01T13:27:36,-11.6010638298
2016-08-01T13:27:46,-12.1253191489
